ab	Ab morgen muss ich arbeiten.	I have to work from tomorrow.
aber	Ich bin oft im Büro, aber nur für wenige Stunden.	I am often in the office, but only for a few hours.
abfahren	Wir fahren um zwölf Uhr ab.	We leave at twelve o'clock.
die Abfahrt	Vor der Abfahrt rufe ich an.	Before departure, I'll call.
abgeben	Ich muss meine Schlüssel abgeben.	I have to hand in my keys.
abholen(1)	Wann kann ich den Schrank bei dir abholen?	When can I pick up the cabinet from you?
abholen(2)	Wir müssen noch meinen Bruder abholen.	We still need to pick up my brother.
der Absender	Da ist ein Brief für dich ohne Absender.	There is a letter for you without a sender.
Achtung	Achtung! Das dürfen Sie nicht tun.	Attention! You must not do that.
die Adresse,-en	Können Sie mir seine Adresse sagen?	Could you tell me his address?
all-(1)	Alles Gute!	All the best!
all-(2)	Das ist alles.	That's all.
all-(3)	Sind alle da?	Is everyone here?
all-(4)	Alle Freunde kommen.	All friends are coming.
all-(5)	Hast du alles?	Do you have everything?
allein	Er kommt allein.	He comes alone.
also(1)	Also, es ist so: …	Well, it is like this: …
also(2)	Er hat Zeit, also muss er uns helfen.	He has time, so he has to help us.
alt(1)	Wie alt sind Sie?	How old are you?
alt(2)	Sie sehen aber nicht so alt aus.	But you don't look that old.
alt(3)	Mein Auto ist schon sehr alt.	My car is already very old.
alt(4)	Wir wohnen in einem sehr alten Haus.	We live in a very old house.
alt(5)	Köln ist eine alte Stadt.	Cologne is an old city.
das Alter	Alter: 26 Jahre.	Age: 26 years.
an(1)	Fahren Sie an der nächsten Straße nach rechts.	Turn right at the next street.
an(2)	Wir treffen uns am Bahnhof.	We meet at the train station.
an(3)	Am nächsten Montag geht es leider nicht.	Sorry, it won't work next Monday.
anbieten	Was darf ich dir anbieten?	What can I offer you?
das Angebot, -e	Heute sind Sportschuhe im Angebot.	Today, sports shoes are on sale.
ander-	Willst du diese Jacke?	Do you want this jacket?
ander-	– Nein, ich möchte die andere.	– No, I want the other one.
anfangen(1)	Hier fängt die Bahnhofstraße an.	Here, Bahnhofstraße starts.
anfangen(2)	Der Unterricht fängt gleich an.	The class is about to start.
der Anfang	Sie wohnt am Anfang der Straße.	She lives at the beginning of the street.
der Anfang	Wir machen Anfang Juli Urlaub.	We're going on vacation in early July.
anklicken	Da musst du dieses Wort anklicken.	You need to click on this word.
ankommen	Wann kommt dieser Zug in Hamburg an?	When does this train arrive in Hamburg?
die Ankunft	Auf diesem Plan steht nur die Ankunft(-szeit) der Züge.	This plan only shows the arrival time of the trains.
ankreuzen	Auf dem Formular müssen Sie an mehreren Stellen etwas ankreuzen.	On the form, you need to check several places.
anmachen	Mach bitte das Licht an!	Please turn on the light.
(sich) anmelden	Wo kann ich mich anmelden?	Where can I register?
die Anmeldung	Eine Anmeldung für diesen Kurs ist nicht mehr möglich.	Registration for this course is no longer possible.
die Anrede	Schreiben Sie auch eine Anrede und einen Gruß.	Also, write a salutation and a closing.
anrufen(1)	Kann man Sie anrufen?	Can one call you?
anrufen(2)	Peter ruft kurz seine Freundin an.	Peter quickly calls his girlfriend.
der Anruf, -e	Sie bekommt viele Anrufe auf ihrem Handy.	She receives many calls on her cell phone.
der Anrufbeantworter	Wir sind im Moment nicht da. Sprechen Sie bitte auf den Anrufbeantworter.	We are not available at the moment. Please leave a message on the answering machine.
die Ansage, -n	Hören Sie die Ansagen.	Listen to the announcements.
der Anschluss(1)	In Mannheim haben Sie Anschluss nach Saarbrücken.	In Mannheim, you have a connection to Saarbrücken.
der Anschluss(2)	Ist das die Anmeldung für einen Telefonanschluss?	Is this the registration for a telephone connection?
an sein	Heute Nacht war das Licht an.	The light was on last night.
antworten	Er antwortet nicht.	He does not answer.
die Antwort, -en	Er gibt leider keine Antwort.	Unfortunately, he gives no answer.
die Anzeige, -n	Ich habe Ihre Anzeige in der Zeitung gelesen.	I read your advertisement in the newspaper.
(sich) anziehen	Ich muss mich noch anziehen.	I still need to get dressed.
das Apartment, -s	Wir haben ein Apartment gemietet.	We rented an apartment.
der Apfel, -Ä	Ein Pfund Äpfel bitte.	A pound of apples, please.
der Appetit	Guten Appetit!	Enjoy your meal!
arbeiten	Wo arbeiten Sie?	Where do you work?
die Arbeit, -en	Mein Bruder sucht Arbeit.	My brother is looking for work.
arbeitslos	Es gibt bei uns viele Leute, die schon lange arbeitslos sind.	There are many people here who have been unemployed for a long time.
der Arbeitsplatz, -ä, e	An meinem Arbeitsplatz fehlt ein Drucker.	A printer is missing at my workplace.
der Arm, -e	Mein Arm tut weh.	My arm hurts.
der Arzt, -Ä, e	Morgen habe ich einen Termin bei meiner Ärztin.	I have an appointment with my doctor tomorrow.
auch	Ich bin auch Spanier.	I am also Spanish.
auf(1)	Die Kinder spielen auf der Straße.	The children are playing on the street.
auf(2)	Auf Wiedersehen.	Goodbye.
auf sein	Du brauchst den Schlüssel nicht. Die Wohnung ist auf.	You don't need the key. The apartment is unlocked.
aufstehen(1)	Ich muss immer um vier Uhr aufstehen.	I always have to get up at four o'clock.
aufstehen(2)	Soll ich aufstehen?	Should I get up?
der Aufzug, -ü, e	In diesem Haus gibt es keinen Aufzug.	There is no elevator in this building.
das Auge, -n	Er hat blaue Augen.	He has blue eyes.
aus	Er kommt aus Brasilien.	He comes from Brazil.
der Ausflug	Morgen machen wir einen Ausflug nach Heidelberg.	Tomorrow we are going on a trip to Heidelberg.
ausfüllen	Füllen Sie bitte dieses Formular aus.	Please fill out this form.
der Ausgang	Wo ist der Ausgang?	Where is the exit?
die Auskunft, -ü, e	Können Sie mir eine Auskunft geben?	Can you give me information?
das Ausland	Fahren Sie ins Ausland?	Are you going abroad?
der Ausländer, -	Sind Sie Ausländerin?	Are you a foreigner?
ausländisch	Leider habe ich nur ausländisches Geld.	Unfortunately, I only have foreign money.
ausmachen	Mach bitte das Licht aus!	Please turn off the light.
die Aussage, -n	Ist die Aussage richtig oder falsch?	Is the statement correct or incorrect?
aussehen	Das sieht schön aus.	That looks nice.
aus sein(1)	Das Licht ist aus.	The light is off.
aus sein(2)	Die Schule ist aus.	The school is over.
aussteigen	Wo muss ich aussteigen?	Where do I need to get off?
der Ausweis	Hier ist mein Ausweis.	Here is my ID.
(sich) ausziehen	Zieh die Schuhe aus, bitte!	Take off your shoes, please!
das Auto, -s	Er kommt mit dem Auto.	He comes by car.
die Autobahn, -en	Wo geht‘s hier bitte zur Autobahn?	Where is the motorway, please?
der Automat	Die Fahrkarten gibt es nur am Automaten.	Tickets are only available at the vending machine.
automatisch	Du musst nichts machen. Das geht automatisch.	You don't have to do anything. It happens automatically.

das Baby, -s	Mein Kind ist noch ein Baby.	My child is still a baby.
die Bäckerei	Ich geh mal schnell zur Bäckerei.	I'll quickly go to the bakery.
das Bad	Wir haben kein großes Bad.	We don't have a big bathroom.
baden	Ich bade nicht so gern, ich dusche lieber.	I don't like bathing much; I prefer showering.
die Bahn(1)	Wir fahren lieber mit der Bahn.	We prefer traveling by train.
die Bahn(2)	Ich nehme die nächste Bahn.	I'll take the next train.
der Bahnhof	Komme ich hier zum Bahnhof?	Am I here for the train station?
der Bahnsteig	Auf welchem Bahnsteig fährt der Zug?	On which platform does the train depart?
bald	Ich komme bald.	I'll come soon.
der Balkon	Die Wohnung hat auch einen kleinen Balkon.	The apartment also has a small balcony.
die Banane, -n	Drei Bananen, bitte!	Three bananas, please!
die Bank(1)	Die Bank schließt schon um vier Uhr.	The bank closes at four o'clock.
die Bank(2)	Er sitzt im Park auf einer Bank und liest.	He sits on a bench in the park and reads.
bar	Muss ich bar zahlen oder geht‘s auch mit Karte?	Do I have to pay in cash or can I use a card?
der Bauch	Seit gestern tut mir der Bauch weh.	My stomach has been hurting since yesterday.
der Baum, -ä, e	Vorsicht, fahr nicht an den Baum!	Careful, don’t drive into the tree!
der Beamte, -n	Fragen Sie die Beamtin am Schalter acht!	Ask the female official at counter eight!
bedeuten	Was bedeutet das Wort?	What does the word mean?
beginnen	Das Spiel beginnt um 15.30 Uhr.	The game starts at 3:30 PM.
bei(1)	Offenbach liegt bei Frankfurt.	Offenbach is near Frankfurt.
bei(2)	Ich wohne bei meinen Eltern.	I live with my parents.
bei(3)	Bei uns regnet es heute.	It’s raining here today.
bei(4)	Er arbeitet bei der Polizei.	He works at the police station.
beide	Beide Eltern arbeiten.	Both parents work.
beide	Wir kommen beide.	We are both coming.
das Bein, -e	Mein rechtes Bein tut weh.	My right leg hurts.
das Beispiel, -e	Kannst du mir ein Beispiel sagen?	Can you give me an example?
zum Beispiel/z. B.	Viele meiner Verwandten, z. B. meine beiden Brüder, arbeiten auch hier.	Many of my relatives, e.g., my two brothers, also work here.
bekannt	Picasso ist sehr bekannt.	Picasso is very well known.
der/die Bekannte	Ein Bekannter von mir heißt Klaus.	A friend of mine is named Klaus.
bekommen(1)	Haben Sie meinen Brief bekommen?	Did you receive my letter?
bekommen(2)	Was bekommen Sie?	What do you get?
bekommen(3)	Dieses Medikament bekommen Sie in der Apotheke.	You can get this medication at the pharmacy.
benutzen	Die Aufzüge bitte nicht benutzen!	Please do not use the elevators.
der Beruf, -e	Was sind Sie von Beruf?	What is your profession?
der Beruf, -e	Was ist Ihr Beruf?	What is your job?
besetzt(1)	Die Nummer ist immer besetzt.	The number is always busy.
besetzt(2)	Der Platz ist besetzt.	The seat is occupied.
besichtigen	Ich möchte gern den Dom besichtigen.	I would like to visit the cathedral.
besser(1)	Es geht mir schon besser.	I’m already feeling better.
best-(1)	Am besten treffen wir uns morgen.	It’s best if we meet tomorrow.
bestellen(1)	Wir möchten bestellen, bitte.	We would like to order, please.
bestellen(2)	Dieses Buch haben wir nicht – sollen wir es für Sie bestellen?	We don't have this book – should we order it for you?
besuchen	Darf ich dich besuchen?	May I visit you?
das Bett, -en	Wir brauchen noch ein Kinderbett.	We need an extra crib.
bezahlen	Wo muss ich bezahlen?	Where do I need to pay?
das Bier	Noch ein Bier bitte.	Another beer, please.
das Bild, -er	Hast du ein Bild von deinem Sohn?	Do you have a picture of your son?
billig(1)	Die Jacke kostet nur 10 Euro!	The jacket costs only 10 euros!
billig(2)	Die ist aber billig!	It’s really cheap!
die Birne, -n	Ein Kilo Birnen, bitte!	A kilo of pears, please!
bis(1)	Ich fahre nur bis Stuttgart.	I only travel as far as Stuttgart.
bis(2)	Ich warte bis morgen.	I will wait until tomorrow.
bisschen	Ich spreche Englisch, Französisch und ein bisschen Deutsch.	I speak English, French, and a little German.
bitte(1)	Eine Tasse Kaffee, bitte!	A cup of coffee, please!
bitte(2)	Sprechen Sie bitte leise!	Please speak quietly!
die Bitte, -n	Ich habe noch eine Bitte.	I have one more request.
bitten	Darf ich Sie um etwas bitten?	May I ask you for something?
bitter	Der Kaffee schmeckt bitter.	The coffee tastes bitter.
bleiben(1)	Ich bleibe heute zu Hause.	I am staying home today.
bleiben(2)	Wir bleiben nur bis morgen.	We are staying only until tomorrow.
der Bleistift, -e	Hast du einen Bleistift?	Do you have a pencil?
der Blick	Von diesem Hotel hat man einen guten Blick auf den Rhein.	From this hotel, you have a good view of the Rhine.
die Blume, -n	Gefallen dir die Blumen?	Do you like the flowers?
der Bogen	Schreiben Sie Ihre Lösungen bitte auf den Antwortbogen.	Please write your answers on the answer sheet.
böse	Sie ist böse auf mich.	She is angry with me.
brauchen	Brauchst du die Zeitung noch?	Do you still need the newspaper?
breit	Wie breit ist der Schrank?	How wide is the cupboard?
der Brief, -e	Haben Sie einen Brief für mich?	Do you have a letter for me?
die Briefmarke, -n	Kaufst du bitte Briefmarken bei der Post.	Please buy stamps at the post office.
bringen(1)	Bringen Sie mir bitte noch einen Kaffee!	Please bring me another coffee!
bringen(2)	Wir müssen ihn zum Arzt bringen.	We need to take him to the doctor.
das Brot, -e(1) 	Haben Sie auch Weißbrot?	Do you also have white bread?
das Brot, -e(2) 	Nimm noch ein paar Brote für die Fahrt mit.	Take a few loaves of bread for the trip.
das Brötchen	Möchtest du Brötchen zum Frühstück?	Do you want rolls for breakfast?
der Bruder, -ü	Sein Bruder arbeitet auch hier.	His brother also works here.
das Buch, -ü, er(1)	Gute Bücher sind oft sehr teuer.	Good books are often very expensive.
das Buch, -ü, er(2)	In diesem Wörterbuch finden Sie mehr als 20.000 Wörter.	In this dictionary, you’ll find more than 20,000 words.
der Buchstabe, -n	Diesen Buchstaben gibt es in meiner Sprache nicht.	This letter doesn’t exist in my language.
buchstabieren	Bitte buchstabieren Sie Ihren Namen.	Please spell your name.
der Bus, -se	Wann kommt der nächste Bus?	When is the next bus coming?
die Butter	Für mich bitte ein Brötchen mit Butter und Käse.	For me, a roll with butter and cheese, please.
das Café, -s	Sollen wir uns im Café treffen?	Shall we meet at the café?
die CD, -s	Bring bitte deine Lieblings-CD mit.	Please bring your favorite CD.
der Chef	Wir haben eine neue Chefin.	We have a new female boss.
circa/ca.	Von Mainz nach Frankfurt sind es circa fünfzig Kilometer.	From Mainz to Frankfurt is approximately fifty kilometers.
der Computer	Wann bekommst du deinen neuen Computer?	When will you get your new computer?
da(1)	Da hinten ist er ja.	There he is over there.
da(2)	Wir sprechen gerade über Paul. Da kommt er ja gerade.	We’re talking about Paul. There he comes.
da(3)	Ich nehme das da.	I'll take that one there.
da(4)	Ist Herr Klein schon da?	Is Mr. Klein already here?
die Dame, -n(1)	Damen (an der Toilette)	Ladies (at the toilet)
die Dame, -n(2)	Sehr geehrte Damen und Herren!	Dear ladies and gentlemen!
daneben	Du kennst doch die Post. Daneben ist die Bank.	You know the post office. Next to it is the bank.
danken	Ich danke Ihnen für die Einladung.	Thank you for the invitation.
der Dank(1)	Vielen Dank!	Many thanks!
der Dank(2)	Herzlichen Dank!	Heartfelt thanks!
danke	Soll ich Ihnen helfen? - Nein, danke!	Should I help you? - No, thank you!
dann	Ich muss noch schnell zur Post, dann komme ich.	I need to quickly go to the post office, then I'll come.
das Datum	Bitte schreiben Sie noch das Datum auf das Formular.	Please also write the date on the form.
dauern	Wie lange dauert der Film?	How long does the movie last?
dein-(1)	Ist das dein Auto?	Is that your car?
dein-(2)	Ist das deins?	Is that yours?
denn	Ich kann nicht kommen, denn ich bin krank.	I can’t come because I’m sick.
der, die, das(1)	Ich nehme das da.	I’ll take that one there.
der, die, das(2)	Hier ist der Brief, den du suchst.	Here is the letter you’re looking for.
der, die, das(3)	Die Fahrkarte bekommst du am Bahnhof.	You get the ticket at the station.
dich	Die Blumen sind für dich.	The flowers are for you.
dies-(1)	Ich nehme lieber diesen Kuchen.	I’d prefer to take this cake.
dir	Gefallen dir die Blumen?	Do you like the flowers?
die Disco	Heute Abend gehen wir in die Disco tanzen.	Tonight, we’re going to dance at the disco.
der Doktor	Meine Tochter ist krank. Wir gehen zum Doktor.	My daughter is sick. We’re going to the doctor.
das Doppelzimmer	Wollen Sie ein Doppelzimmer oder ein Einzelzimmer?	Would you like a double room or a single room?
das Dorf, -ö, er	Meine Familie lebt in einem Dorf.	My family lives in a village.
dort, -her, -hin(1)	Deine Tasche kannst du dorthin stellen.	You can place your bag over there.
dort, -her, -hin(2)	Dort ist unser Haus.	There is our house.
draußen	Wollen wir draußen sitzen?	Do we want to sit outside?
drucken	Bitte drucke das Formular für mich.	Please print the form for me.
der Drucker	Mein Drucker ist kaputt.	My printer is broken.
drücken	Drück hier, dann geht der Computer an.	Press here, then the computer will turn on.
durch	Am besten gehen Sie durch die Breite Straße.	It’s best to go through Breite Street.
die Durchsage, -n	Ich habe die Durchsage nicht verstanden.	I didn’t understand the announcement.
dürfen(1)	Sie dürfen hier nicht rauchen.	You’re not allowed to smoke here.
dürfen(2)	Darf ich Sie zu einem Kaffee einladen?	May I invite you to a coffee?
dürfen(3)	Es darf nicht mehr als 15 Euro kosten.	It must not cost more than 15 euros.
der Durst	Hast du etwas zu trinken? Ich habe großen Durst.	Do you have something to drink? I’m very thirsty.
(sich) duschen	Ich bade nicht so gern, ich dusche lieber.	I don’t like bathing much; I prefer showering.
die Dusche	Unsere Wohnung hat nur eine Dusche.	Our apartment only has a shower.
die Ecke, -n	An der nächsten Ecke links.	Turn left at the next corner.
die Ehefrau, -en/der Ehemann, -ä, er	Das ist mein (Ehe-) Mann/meine (Ehe-) Frau.	This is my (married) man/my (married) woman.
das Ei, -er	Möchtest du ein Ei zum Frühstück?	Would you like an egg for breakfast?
eilig	Hast du es eilig?	Are you in a hurry?
ein-(1)	Ich nehme ein Bier. Willst du auch eins?	I'll have a beer. Do you want one too?
ein-(2)	Ist hier einer, der das kann?	Is there someone here who can do that?
einfach(1)	Die Prüfung ist ganz einfach.	The exam is very simple.
einfach(2)	Hin und zurück? – Nein, bitte nur einfach.	Round trip? – No, just one way, please.
einfach(3)	Ich brauche nur ein einfaches Zimmer.	I only need a simple room.
der Eingang	Der Eingang ist um die Ecke.	The entrance is around the corner.
einkaufen	Ich muss noch für morgen einkaufen.	I still need to shop for tomorrow.
einladen	Darf ich Sie zu einem Kaffee einladen?	May I invite you for a coffee?
die Einladung	Danke für die Einladung!	Thank you for the invitation!
einmal	Diese Prüfung mache ich nicht noch einmal.	I won't take this exam again.
einsteigen	Schnell, steig ein, der Zug fährt gleich.	Quick, get in, the train is leaving soon.
der Eintritt	Der Preis für den Eintritt ist 5 Euro.	The entrance fee is 5 euros.
das Einzelzimmer	Haben Sie noch ein Einzelzimmer?	Do you have a single room available?
die Eltern (pl.)	Meine Eltern leben in Spanien.	My parents live in Spain.
die E-Mail, -s	Ich habe Ihre E-Mail nicht bekommen.	I didn’t receive your email.
der Empfänger, –	Auf dem Brief steht dein Name, also bist du der Empfänger.	Your name is on the letter, so you are the recipient.
empfehlen	Welchen Wein können Sie mir empfehlen?	Which wine can you recommend to me?
enden	Die Straße endet hier.	The street ends here.
das Ende(1)	Sie wohnt am Ende der Straße.	She lives at the end of the street.
das Ende(2)	Er bekommt sein Geld am Ende des Monats.	He gets his money at the end of the month.
entschuldigen	Entschuldigen Sie bitte!	Please excuse me!
die Entschuldigung	Entschuldigung! – Bitte.	Apologies! – Please.
er	Er heißt Ali.	His name is Ali.
das Ergebnis, -se	Das Ergebnis des Tests bekommen Sie in zwei Wochen.	You will receive the test results in two weeks.
erklären	Kannst du mir das erklären?	Can you explain that to me?
erlauben	Rauchen ist hier nicht erlaubt.	Smoking is not allowed here.
der Erwachsene, -n	Dieser Film ist nur für Erwachsene.	This movie is for adults only.
erzählen	Wir müssen euch etwas erzählen!	We need to tell you something!
es	Es regnet.	It is raining.
essen	Was gibt es zu essen?	What is there to eat?
das Essen	Das Essen ist heute sehr gut.	The food is very good today.
euer	Euer Kurs beginnt heute.	Your course starts today.
fahren	Ich fahre mit dem Auto zur Arbeit.	I drive to work by car.
der Fahrer	Bitte nicht mit dem Fahrer sprechen!	Please do not speak with the driver!
die Fahrkarte, -n	Hast du schon eine Fahrkarte?	Do you already have a ticket?
das Fahrrad, -ä, er	Fährst du mit dem Fahrrad oder mit dem Auto?	Do you ride a bicycle or drive a car?
falsch	Das ist falsch.	That is incorrect.
die Familie, -n	Meine Familie lebt in Spanien.	My family lives in Spain.
der Familienname	Meine Familiennamen sind García González.	My family names are García González.
der Familienstand	Bei Familienstand musst du ledig ankreuzen.	For marital status, you need to check single.
die Farbe, -n	Die Farbe gefällt mir gut.	I like the color.
das Fax, -e	Schicken Sie uns einfach ein Fax!	Just send us a fax!
Feier-(1)	z. B. Feierabend, Feiertag	For example, end of work, public holiday
Feier-(2)	Am Montag ist Feiertag.	On Monday is a public holiday.
feiern	Wir feiern heute meinen Geburtstag.	We are celebrating my birthday today.
fehlen(1)	Herr Müller ist nicht da, er fehlt schon seit drei Tagen.	Mr. Müller is not here; he has been missing for three days.
fehlen(2)	Was fehlt Ihnen?	What is missing?
der Fehler, –	Diesen Fehler mache ich immer.	I always make this mistake.
fernsehen	Wollen wir heute Abend mal fernsehen?	Shall we watch TV tonight?
fertig(1)	Bist du fertig?	Are you ready?
fertig(2)	Ist mein Auto schon fertig?	Is my car ready yet?
das Feuer	Haben Sie Feuer?	Do you have a light?
das Fieber	Mein Mann hat noch immer Fieber.	My husband still has a fever.
der Film, -e	Ich möchte gern diesen Film sehen.	I would like to see this film.
finden	Wir müssen den Schlüssel finden.	We need to find the key.
die Firma	Er arbeitet jetzt bei einer anderen Firma.	He now works at another company.
der Fisch, -e	Ich esse gern Fisch. Fleisch mag ich nicht.	I like to eat fish. I don’t like meat.
die Flasche, -n	Eine Flasche Bier, bitte.	A bottle of beer, please.
das Fleisch	Fleisch mag ich nicht.	I don’t like meat.
fliegen	Ich fliege nicht gern. Deshalb fahre ich mit dem Zug.	I don’t like flying. That’s why I take the train.
abfliegen	Wann fliegst du ab?	When do you depart?
der Abflug	Der Abflug ist um 11.20 Uhr.	The departure is at 11:20.
der Flughafen	Kannst du mich zum Flughafen bringen?	Can you take me to the airport?
das Flugzeug	Das Flugzeug aus Berlin kommt heute später an.	The plane from Berlin will arrive later today.
das Formular, -e	Sie müssen dieses Formular ausfüllen.	You need to fill out this form.
das Foto, -s	Darf ich ein Foto machen?	May I take a photo?
fragen	Er möchte Sie etwas fragen. Wann kommen Sie?	He would like to ask you something. When are you coming?
die Frage, -n	Ich habe eine Frage.	I have a question.
die Frau, -en(1)	Das ist Frau Becker.	This is Mrs. Becker.
die Frau, -en(2)	Guten Tag, Frau Schmitt!	Good day, Mrs. Schmitt!
die Frau, -en(3)	Hier arbeiten mehr Frauen als Männer.	More women than men work here.
frei	Ist der Platz noch frei?	Is the seat still free?
die Freizeit	In meiner Freizeit spiele ich oft Fußball.	In my free time, I often play soccer.
fremd	Das weiß ich nicht; ich bin fremd hier.	I don’t know; I’m a stranger here.
(sich) freuen	Ich freue mich auf den Urlaub.	I am looking forward to the vacation.
der Freund, -e(1)	Das ist ein Freund von mir.	This is a friend of mine.
der Freund, -e(2)	Das ist meine Freundin.	This is my girlfriend.
früher	Früher waren wir oft zusammen im Kino.	We used to go to the movies together often.
frühstücken	Am Sonntag frühstücke ich gern im Bett.	On Sundays, I like to have breakfast in bed.
das Frühstück	Möchtest du ein Ei zum Frühstück?	Would you like an egg for breakfast?
die Führung	Die Führung durch das Haus beginnt in 3 Minuten.	The tour of the house begins in 3 minutes.
für	Das ist für Sie.	This is for you.
für(2)	Das ist der Schlüssel für die Haustür.	This is the key for the front door.
für(3)	Das ist das Brot für morgen.	This is the bread for tomorrow.
der Fuß, -ü, e	Der linke Fuß tut mir weh.	My left foot hurts.
der Fußball	Spielt ihr gerne Fußball?	Do you like to play soccer?
der Garten	Wir haben leider keinen Garten.	Unfortunately, we don't have a garden.
der Gast, -ä, e	Am Wochenende haben wir mehrere Gäste.	We have several guests over the weekend.
geben(1)	Kannst du mir bitte deinen Kugelschreiber geben?	Can you please give me your pen?
geben(2)	Es gibt keine Karten mehr.	There are no more tickets available.
geboren	Ich bin in Zagreb geboren.	I was born in Zagreb.
das Geburtsjahr	Das Geburtsjahr Ihres Sohnes, bitte?	Your son's year of birth, please?
der Geburtsort	Bitte schreiben Sie Ihren Geburtsort auf das Formular.	Please write your place of birth on the form.
der Geburtstag	Herzlichen Glückwunsch zum Geburtstag!	Happy birthday!
gefallen	Das gefällt mir.	I like that.
gegen(1)	Fahr nicht gegen den Baum!	Don’t drive into the tree!
gegen(2)	Ich bin gegen diese Lösung.	I am against this solution.
gegen(3)	Wer spielt gegen wen?	Who is playing against whom?
gehen(1)	Ich weiß nicht, wie das geht.	I don’t know how it works.
gehen(2)	Wie geht‘s?	How are you?
gehen(3)	Jetzt muss ich (aber) leider gehen.	Now I have to (unfortunately) leave.
gehen(4)	Ich muss zum Arzt gehen.	I need to go to the doctor.
gehen(5)	Das geht nicht!	That doesn’t work!
gehören	Wem gehört das?	Whose is this?
das Geld	Hast du noch Geld?	Do you still have money?
das Gemüse	Gemüse brauchen wir auch noch.	We also need vegetables.
das Gepäck	Wollen Sie Ihr Gepäck mitnehmen?	Do you want to take your luggage with you?
gerade(1)	Da kommt er ja gerade.	There he comes just now.
gerade(2)	Gehen Sie immer geradeaus!	Always go straight ahead!
gern(e)	Ich gehe gerne einkaufen.	I like to go shopping.
das Geschäft, -e	Die Geschäfte schließen um 18.30 Uhr.	The stores close at 6:30 PM.
das Geschenk, -e	Danke für das schöne Geschenk.	Thank you for the lovely gift.
die Geschwister (pl.)	Ich habe leider keine Geschwister.	Unfortunately, I have no siblings.
das Gespräch, -e	Das Gespräch mit Frau Kunz ist um 14 Uhr.	The conversation with Ms. Kunz is at 2 PM.
gestern	Gestern war ich krank.	I was sick yesterday.
gestorben	Meine Frau ist gestern gestorben.	My wife passed away yesterday.
das Getränk, -e	Mein Lieblingsgetränk ist Tomatensaft.	My favorite drink is tomato juice.
das Gewicht	Bei Gewicht schreibst du: 62 Kilo.	For weight, write: 62 kilos.
gewinnen	Wer gewinnt das Spiel?	Who wins the game?
das Glas, -ä, er	Bitte noch ein Glas Wein!	Please another glass of wine!
das Glas, -ä, er	Wir brauchen noch drei Gläser.	We need three more glasses.
glauben(1)	Sie können mir glauben, es ist so.	You can believe me, it is so.
glauben(2)	Ich glaube, er kommt gleich.	I think he is coming soon.
gleich(1)	Das ist mir gleich.	It doesn’t matter to me.
gleich(2)	Das ist der gleiche Preis.	That is the same price.
gleich(3)	Ich komme gleich.	I’ll be right there.
das Gleis, -e	Der ICE nach Berlin hält heute an Gleis 12.	The ICE to Berlin stops at platform 12 today.
das Glück	Viel Glück!	Good luck!
glücklich	Meine Kinder sind glücklich verheiratet.	My children are happily married.
der Glückwunsch	Herzlichen Glückwunsch zum Geburtstag.	Happy birthday!
Grad (Celsius)	Heute haben wir dreißig Grad.	Today we have thirty degrees.
gratulieren	Ich gratuliere dir!	I congratulate you!
grillen	Heute grillen wir im Garten.	Today we are grilling in the garden.
groß(1)	Mein Bruder und ich sind gleich groß.	My brother and I are the same height.
groß(2)	Frankfurt ist eine große Stadt.	Frankfurt is a big city.
die Größe	Haben Sie das auch in Größe 40?	Do you have this in size 40?
die Großeltern (pl.)	Meine Großeltern leben in Japan.	My grandparents live in Japan.
die Großmutter	Meine Großmutter heißt Eva.	My grandmother's name is Eva.
der Großvater	Mein Großvater ist schon 80.	My grandfather is already 80.
die Gruppe, -n	Die erste Gruppe beginnt um 16 Uhr.	The first group starts at 4 PM.
der Gruß, -ü, e(1)	Viele Grüße an Ihre Frau.	Best regards to your wife.
der Gruß, -ü, e(2)	Mit freundlichen Grüßen	With kind regards
gültig	Der Pass ist nicht mehr gültig.	The passport is no longer valid.
günstig	Dort gibt es günstige Angebote.	There are good deals there.
gut(1)	Das finde ich gut.	I think that’s good.
gut(2)	Ich komme um 13 Uhr. – Gut!	I’ll come at 1 PM. – Good!
gut(3)	Guten Morgen!	Good morning!
gut(4)	Ein gutes neues Jahr!	A good new year!
gut(5)	Guten Appetit!	Enjoy your meal!
das Haar, -e	Sie hat lange Haare.	She has long hair.
haben	Ich habe ein neues Auto.	I have a new car.
das Hähnchen, -	Ein Hähnchen mit Pommes bitte!	A chicken with fries, please!
die Halbpension	Möchten Sie Vollpension oder Halbpension?	Would you like full board or half board?
die Halle	Wir treffen uns in Halle B.	We are meeting in Hall B.
hallo	Hallo Inge! Wie geht’s?	Hello Inge! How are you?
halten	Dieser Zug hält nicht in Rüdesheim.	This train does not stop in Rüdesheim.
die Haltestelle	An der nächsten Haltestelle müssen Sie aussteigen.	At the next stop, you need to get off.
die Hand, -ä, e	Er gibt mir die Hand.	He shakes my hand.
das Handy, -s	In der Schule bitte die Handys ausmachen!	Please turn off the mobile phones at school!
das Haus, -ä, er(1)	In welchem Haus wohnst du?	In which house do you live?
das Haus, -ä, er(2)	Ich gehe jetzt nach Hause.	I’m going home now.
das Haus, -ä, er(3)	Paul ist nicht zu Hause.	Paul is not at home.
die Hausaufgabe, -n	Kannst du mir bei den Hausaufgaben helfen?	Can you help me with the homework?
die Hausfrau, -en/der Hausmann	Die Hausfrau/der Hausmann wäscht, kocht und kauft ein.	The housewife/househusband washes, cooks, and shops.
die Heimat	Ich komme aus der Schweiz. Das ist meine Heimat.	I come from Switzerland. That is my homeland.
heiraten	Meine Schwester heiratet einen Japaner.	My sister is marrying a Japanese person.
heißen(1)	Ich heiße Charlotte Meier.	My name is Charlotte Meier.
heißen(2)	Wie heißt das auf Deutsch?	What is that called in German?
helfen	Können Sie mir helfen, bitte?	Can you help me, please?
hell	Im Sommer ist es bis 21 Uhr hell.	It is light until 9 PM in summer.
der Herd	In der neuen Küche fehlt noch der Herd.	The stove is still missing in the new kitchen.
der Herr, -en	Guten Tag, Herr Sommer!	Good day, Mr. Sommer!
herzlich	Herzlichen Glückwunsch!	Best wishes!
heute	Heute ist ein schöner Tag.	Today is a beautiful day.
hier(1)	Hier ist 06131-553221, Pamela Linke.	Here is 06131-553221, Pamela Linke.
hier(2)	Hier wohne ich.	This is where I live.
die Hilfe(1)	Hilfe! Bitte helfen Sie mir!	Help! Please help me!
die Hilfe(2)	Brauchen Sie meine Hilfe?	Do you need my help?
hinten	Die Tür zum Aussteigen ist hinten.	The door to get out is at the back.
das Hobby, -s	Meine Hobbys sind Wandern und Schwimmen.	My hobbies are hiking and swimming.
hoch	Der Mount Everest ist 8.880 Meter hoch.	Mount Everest is 8,880 meters high.
die Hochzeit	Zur dieser Hochzeit kommen mehr als fünfzig Gäste.	More than fifty guests are coming to this wedding.
holen	Ich hole zwei Flaschen Wasser aus der Küche.	I will get two bottles of water from the kitchen.
hören(1)	Hör mal! Was ist das?	Listen! What is that?
hören(2)	Ich habe das Lied schon mal gehört.	I have heard that song before.
das Hotel, -s	Im Urlaub sind wir in einem Hotel am Meer.	On vacation, we are staying in a hotel by the sea.
der Hund, -e	Der Hund ist noch jung.	The dog is still young.
der Hunger	Ich habe Hunger! Wann ist das Essen fertig?	I’m hungry! When is the food ready?
ich	Ich heiße Veronika.	My name is Veronika.
ihr/ihm/ihn(1)	Gib ihr/ihm bitte das Buch.	Please give her/him the book.
ihr/ihm/ihn(2)	Ruf ihn bitte an.	Please call him.
immer	Frau Bast kommt immer zu spät.	Ms. Bast always arrives late.
in(1)	Ich wohne in Wiesbaden.	I live in Wiesbaden.
in(2)	Der Zug kommt in fünf Minuten.	The train arrives in five minutes.
in(3)	Frau Rausch arbeitet in einem Geschäft.	Ms. Rausch works in a store.
in(4)	Komm, wir gehen ins Kino.	Come, we are going to the cinema.
die Information, -en(1)	Wenn Sie Fragen haben, gehen Sie zur Information.	If you have questions, go to the information desk.
die Information, -en(2)	Wir haben hier wichtige Informationen für Sie.	We have important information for you here.
international	Unser Deutschkurs ist international: Silvana kommt aus Italien, Conchi aus Spanien, Yin aus China …	Our German course is international: Silvana comes from Italy, Conchi from Spain, Yin from China …
das Internet	Das findest du im Internet.	You can find that on the internet.
ja	Sind Sie Herr Watanabe? – Ja.	Are you Mr. Watanabe? – Yes.
die Jacke, -n	Zieh dir eine Jacke an. Es ist kalt.	Put on a jacket. It’s cold.
jed-	Blumen kannst du in jedem Bahnhof kaufen.	You can buy flowers at any train station.
jetzt	Jetzt machen wir eine Pause.	Now we are taking a break.
der Job, -s	Jenny hat einen neuen Job bei der Post.	Jenny has a new job at the post office.
der Jugendliche, -n	Viele Jugendliche kaufen gern ein.	Many teenagers like to shop.
jung	Claudia ist 21. – Was? Noch so jung?	Claudia is 21. – What? Still so young?
der Junge, -n	Ich habe zwei Kinder. Einen Jungen und ein Mädchen.	I have two children. A boy and a girl.
der Kaffee	Zum Frühstück trinke ich immer Kaffee.	I always drink coffee for breakfast.
kaputt	Das Glas war teuer. Es geht sehr leicht kaputt.	The glass was expensive. It breaks very easily.
die Karte, -n(1)	Ich schreibe meinen Bekannten eine Karte aus dem Urlaub.	I write my acquaintances a card from the vacation.
die Karte, -n(2)	Wollen wir Karten spielen?	Shall we play cards?
die Karte, -n(3)	Ich möchte auch etwas essen. Bringen Sie mir die Karte, bitte.	I’d also like something to eat. Please bring me the menu.
(Kredit)-Karte, -n	Kann ich auch mit Karte (be-) zahlen?	Can I also pay by card?
die Kartoffel, -n	Für Pommes frites braucht man Kartoffeln.	You need potatoes for french fries.
die Kasse	Zahlen Sie bitte an der Kasse.	Please pay at the checkout.
kaufen	Tim kauft sich ein neues Auto.	Tim is buying a new car.
kein	Es gibt keine Eintrittskarten mehr.	There are no more tickets.
kennen	Kennen Sie diese Frau? – Nein, leider nicht.	Do you know this woman? – No, unfortunately not.
kennenlernen	Wir sind neu hier. Wir möchten Sie kennenlernen.	We are new here. We’d like to get to know you.
das Kind, -er	Wie viele Kinder haben Sie?	How many children do you have?
der Kindergarten	Die kleine Laura geht schon in den Kindergarten.	Little Laura is already going to kindergarten.
das Kino, -s	Wir sehen heute Abend im Kino einen schönen Film.	We’re going to see a nice movie at the cinema tonight.
der Kiosk	Am Kiosk bekommen Sie Getränke, Zigaretten und Zeitungen.	At the kiosk, you can get drinks, cigarettes, and newspapers.
klar	Kommst du mit? – Klar!	Are you coming along? – Sure!
die Klasse(1)	In unserer Klasse sind fünfundzwanzig Schüler.	There are twenty-five students in our class.
die Klasse(2)	Im Zug fahre ich immer 2. Klasse.	I always travel in second class on the train.
die Kleidung	Wo finde ich Kleidung? – Jacken im ersten, Jeans im zweiten Stock.	Where can I find clothing? – Jackets on the first floor, jeans on the second floor.
klein	Eltville ist eine kleine Stadt am Rhein.	Eltville is a small town on the Rhine.
kochen	Herr Georgi kann gut kochen.	Mr. Georgi can cook well.
der Koffer	Ist das Ihr Koffer?	Is that your suitcase?
der Kollege, -n	Wie heißt die neue Kollegin?	What’s the name of the new female colleague?
kommen(1)	Woher kommen Sie? – Aus Frankreich.	Where are you from? – From France.
kommen(2)	Kommst du mit ins Schwimmbad?	Are you coming to the swimming pool?
können(1)	Ich kann Deutsch und Russisch.	I can speak German and Russian.
können(2)	Können Sie mir helfen?	Can you help me?
das Konto	Das Geld überweisen wir am ersten März auf Ihr Konto.	We will transfer the money to your account on March 1st.
der Kopf	Mein Kopf tut weh!	My head hurts!
kosten	Wie viel kostet das? – 10 Euro.	How much does it cost? – 10 euros.
krank	Ich kann heute nicht zur Arbeit kommen, ich bin krank und liege im Bett.	I can’t come to work today, I’m sick and lying in bed.
kriegen	Ich kriege 15 Euro in der Stunde für meine Arbeit.	I get 15 euros an hour for my work.
die Küche	Der neue Herd kommt in die Küche.	The new stove is going into the kitchen.
der Kuchen	Ich nehme ein Stück Kuchen.	I’ll have a piece of cake.
der Kugelschreiber	Hast du einen Kugelschreiber für mich?	Do you have a pen for me?
der Kühlschrank	Haben wir noch Milch? – Ja, im Kühlschrank.	Do we still have milk? – Yes, in the fridge.
kulturell	Ich bin kulturell interessiert. Ich gehe oft ins Museum.	I’m culturally interested. I often go to the museum.
sich kümmern	Jede Mutter kümmert sich um ihre kleinen Kinder.	Every mother takes care of her small children.
der Kunde, -n	Einen Moment, bitte. Ich habe eine Kundin.	One moment, please. I have a customer.
der Kurs, -e	Der Deutschkurs geht bis zum Sommer.	The German course goes until summer.
kurz	Ricardo hat kurzes Haar.	Ricardo has short hair.
lachen	Die Kinder lachen viel.	The children laugh a lot.
der Laden, -ä	Im Buchladen können Sie Bücher kaufen.	You can buy books in the bookstore.
das Land, -ä, er	Italien ist ein schönes Land.	Italy is a beautiful country.
lang	Die Jeans ist zu lang.	The jeans are too long.
lange	Wie lange fährt der Zug von Hamburg nach Berlin?	How long does the train from Hamburg to Berlin take?
langsam	Könnten Sie bitte etwas langsamer sprechen?	Could you please speak a little slower?
laufen	Ich möchte nicht Auto fahren, ich möchte laufen.	I don’t want to drive; I want to walk.
laut	Nicht so laut! Das Baby schläft.	Not so loud! The baby is sleeping.
leben	Sie lebt bei ihrer Schwester.	She lives with her sister.
leben	Ihre Eltern leben nicht mehr.	Her parents are no longer alive.
das Leben	Das Leben in diesem Land ist teuer.	Life in this country is expensive.
die Lebensmittel (pl.)	Lebensmittel bekommen Sie im Supermarkt.	You can get groceries at the supermarket.
ledig	Sind Sie verheiratet? – Nein. Ledig.	Are you married? – No. Single.
legen	Legen Sie das Buch auf den Tisch.	Put the book on the table.
der Lehrer, –	Unsere Deutschlehrerin heißt Frau Müller.	Our German teacher is called Mrs. Müller.
leicht(1)	Der Koffer ist leicht.	The suitcase is light.
leicht(2)	Deutsch ist nicht leicht.	German is not easy.
leider	Leider kann ich nicht kommen. Ich muss zum Arzt.	Unfortunately, I can’t come. I have to go to the doctor.
leise	Seid leise. Die anderen schlafen schon.	Be quiet. The others are already sleeping.
lernen	Wie lange lernen Sie schon Deutsch?	How long have you been learning German?
lesen	Ich lese ein Buch von García Márquez.	I’m reading a book by García Márquez.
letzt-	Morgen ist der letzte Kurstag.	Tomorrow is the last day of the course.
die Leute (pl.)	In der Disko sind viele Leute.	There are many people at the disco.
das Licht	Wo macht man hier das Licht an?	Where do you turn on the light here?
lieb-	Liebe Susanne, lieber Hans,	Dear Susanne, dear Hans,
lieben	Ich liebe dich!	I love you!
lieber	Sie fährt lieber mit der Bahn.	She prefers to travel by train.
Lieblings-	Mein Lieblingsfilm ist Schwarze Augen.	My favorite movie is Black Eyes.
das Lied, -er	Welches ist dein Lieblingslied?	What is your favorite song?
liegen(1)	Um neun Uhr liegt Judith noch im Bett.	At nine o’clock, Judith is still in bed.
liegen(2)	Frankfurt liegt am Main.	Frankfurt is situated on the River Main.
links	Gehen Sie die nächste Straße links.	Go down the next street on the left.
der Lkw, -s	Dieser Lastkraftwagen ist sehr groß.	This truck is very large.
das Lokal	In unserer Straße gibt es ein neues Lokal.	There’s a new pub in our street.
die Lösung, -en	Die Lösung ist ganz einfach.	The solution is quite simple.
lustig	Frau Mertens ist lustig. Sie lacht immer.	Mrs. Mertens is funny. She always laughs.
machen(1)	Was machst du heute Abend?	What are you doing this evening?
machen(2)	Ich muss jetzt das Essen machen.	I have to prepare the food now.
machen(3)	Das macht 5 Euro 95.	That’s 5 euros and 95 cents.
machen(4)	Das macht nichts.	It doesn’t matter.
das Mädchen, –	Familie Kurz bekommt ein Baby. – Junge oder Mädchen?	The Kurz family is having a baby. – Boy or girl?
man	Hier darf man nicht rauchen.	Smoking is not allowed here.
der Mann, -ä, er	Mein Mann arbeitet bei der Polizei.	My husband works at the police.
männlich	Kreuzen Sie bitte an: weiblich oder „männlich“.	Please check: “female” or “male.”
die Maschine, -n	Die Waschmaschine ist günstig.	The washing machine is inexpensive.
das Meer	Wir machen Urlaub am Meer.	We are vacationing by the sea.
mehr	Dieses Auto kostet 1.000 Euro mehr als das andere.	This car costs 1,000 euros more than the other one.
mein	Mein Vater ist Arzt.	My father is a doctor.
meist-	Die meisten Norddeutschen sind sehr groß.	Most North Germans are very tall.
der Mensch, -en	Die Menschen sind hier anders als bei uns.	People here are different from us.
mieten	Ich möchte ein Auto mieten.	I would like to rent a car.
die Miete	Die Miete für diese Wohnung ist 600 Euro.	The rent for this apartment is 600 euros.
die Milch	Die Milch steht im Kühlschrank.	The milk is in the refrigerator.
mit	Trinken Sie den Kaffee mit Milch?	Do you take your coffee with milk?
mitbringen	Ich gehe einkaufen. Soll ich dir was mitbringen?	I’m going shopping. Should I bring you something?
mitkommen	Ich gehe ins Kino. Kommst du mit?	I’m going to the cinema. Are you coming?
mitmachen	Warum macht ihr nicht mit?	Why don’t you join in?
mitnehmen	Nehmen wir meine Schwester ins Kino mit?	Should we take my sister to the cinema with us?
die Mitte	Der Lehrer steht in der Mitte des Klassenzimmers.	The teacher is standing in the middle of the classroom.
die Möbel (pl.)	Sind die Möbel neu?	Are the furniture new?
möchten	Was möchten Sie trinken?	What would you like to drink?
mögen	Magst du Kaffee oder Tee?	Do you like coffee or tea?
möglich	Mit dieser Fahrkarte ist die Fahrt ab 9 Uhr möglich.	With this ticket, travel is possible from 9 a.m.
der Moment(1)	Moment mal bitte!	Just a moment, please!
der Moment(2)	Einen Moment bitte.	One moment, please.
morgen	Morgen beginnt die Schule um 10 Uhr.	School starts at 10 a.m. tomorrow.
müde	Ich bin müde. Ich gehe schlafen.	I’m tired. I’m going to sleep.
der Mund	Öffnen Sie den Mund.	Open your mouth.
müssen	Ich muss jeden Tag von 8 Uhr bis 18 Uhr arbeiten.	I have to work every day from 8 a.m. to 6 p.m.
die Mutter, -ü	Frau Berghäuser ist die Mutter von Michaela.	Mrs. Berghäuser is Michaela’s mother.
nach(1)	Ich gehe jetzt nach Hause.	I’m going home now.
nach(2)	Ich fliege nach München.	I’m flying to Munich.
nach(3)	Es ist schon 5 nach 12.	It’s already 5 minutes past 12.
nächst-	Sehen wir uns nächste Woche?	Shall we see each other next week?
der Name, -n(1)	Mein Name ist Thomas Schmidt.	My name is Thomas Schmidt.
der Name, -n(2)	Mein Vorname ist Thomas; Schmidt ist der Familienname.	My first name is Thomas; Schmidt is the last name.
nehmen(1)	Heute gibt es Hähnchen. Das nehme ich.	Today there’s chicken. I’ll take that.
nehmen(2)	Ich nehme den Bus.	I’ll take the bus.
nein	Fährst du auch nach München? – Nein, ich habe keine Zeit.	Are you going to Munich too? – No, I don’t have time.
neu(1)	Ich bin der neue Kollege.	I’m the new colleague.
neu(2)	Wir haben eine neue Wohnung.	We have a new apartment.
nicht(1)	Das stimmt nicht.	That’s not true.
nicht(2)	Das ist doch schön, nicht?	That’s nice, isn’t it?
nichts(1)	Das macht nichts.	It doesn’t matter.
nichts(2)	Hier kaufe ich nichts. Der Laden gefällt mir nicht.	I’m not buying anything here. I don’t like the store.
nie	Er kommt nie pünktlich.	He never arrives on time.
noch(1)	Vielleicht kommt er noch.	Maybe he’ll come after all.
noch(2)	Wir warten noch fünf Minuten.	We’ll wait another five minutes.
noch(3)	Ich habe noch 20 Euro.	I still have 20 euros.
normal	75 kg. Sein Gewicht ist normal. 75 kg.	His weight is normal.
die Nummer, -n(1)	Sie haben Zimmer Nummer zwölf.	You have room number twelve.
die Nummer, -n(2)	Welche Hausnummer haben Sie?	What is your house number?
die Nummer, -n(3)	Können Sie mir Ihre Nummer geben?	Can you give me your number?
nur	Ich möchte nur ein Glas Wasser.	I’d like only a glass of water.
oben	Ich wohne oben.	I live upstairs.
das Obst	Im Sommer ist das Obst billig.	In summer, the fruit is cheap.
oder	Wann können Sie kommen – heute oder morgen?	When can you come – today or tomorrow?
öffnen	Ich öffne die Tür.	I’m opening the door.
geöffnet	Der Laden ist samstags bis 16.00 Uhr geöffnet.	The store is open until 4 p.m. on Saturdays.
oft	Petra treffe ich oft.	I often meet Petra.
ohne(1)	Ohne Geld kann er nichts kaufen.	Without money, he can’t buy anything.
ohne(2)	Den Salat machen wir ohne Öl.	We make the salad without oil.
die Oma, -s	Meine Oma ist schon tot.	My grandma is already dead.
der Opa, -s	Mein Opa heißt Hans.	My grandpa’s name is Hans.
die Ordnung	Das ist in Ordnung.	That’s all right.
der Ort, -e	Der Ort liegt am Meer.	The place is by the sea.
das Papier	Hier sind Papier und Bleistift.	Here are paper and pencil.
die Papiere (pl.)	Haben Sie Ihre Papiere dabei?	Do you have your papers with you?
der Partner, -/ die Partnerin, -nen	Sie ist meine Partnerin.	She is my partner.
die Party	Heute Abend machen wir eine Party.	We’re having a party tonight.
der Pass, -ä, e	Im Hotel brauchst du deinen Pass.	You need your passport at the hotel.
die Pause, -n	Von 12.00 bis 12.30 Uhr haben wir Mittagspause.	We have a lunch break from 12:00 to 12:30.
der Plan, -ä, e	Ich kaufe mir einen Stadtplan.	I’m buying a city map.
der Platz, -ä, e(1)	Tut mir leid, der Platz ist besetzt.	Sorry, the seat is taken.
der Platz, -ä, e(2)	Bitte nehmen Sie Platz!	Please take a seat!
der Platz, -ä, e(3)	Ich wohne Messeplatz 5.	I live at Messeplatz 5.
die Polizei	Holen Sie die Polizei!	Call the police!
die Pommes frites (pl.)	Die Kinder essen Hähnchen mit Pommes frites.	The children are eating chicken with fries.
die Post(1)	Wo ist die Post, bitte?	Where is the post office, please?
die Post(2)	Ist Post da?	Is there any mail?
die Postleitzahl	Wie ist Ihre Postleitzahl?	What is your postal code?
das Praktikum	Ich mache ein Praktikum bei Siemens.	I’m doing an internship at Siemens.
die Praxis	Die Praxis ist ab acht Uhr geöffnet.	The practice is open from 8 a.m.
der Preis, -e	Die Preise sind hoch.	The prices are high.
das Problem, -e	Mein Problem ist die Sprache.	My problem is the language.
der Prospekt, -e	Bitte schicken Sie mir einen Prospekt von Ihrem Hotel.	Please send me a brochure of your hotel.
die Prüfung	Die Prüfung ist am Montag um 8.00 Uhr.	The exam is on Monday at 8 a.m.
pünktlich(1)	Der Bus fährt pünktlich um acht Uhr.	The bus leaves on time at 8 a.m.
pünktlich(2)	Herr Müller ist immer pünktlich.	Mr. Müller is always on time.
404: Not FoundRad fahren	Das Kind kann schon Rad fahren.	The child can already ride a bike.
rauchen	Ich rauche nicht.	I don’t smoke.
der Raum, -ä, e	Der Unterricht ist in Raum 332.	The class is in room 332.
die Rechnung, -en	Die Rechnung, bitte.	The bill, please.
rechts	Die Schillerstraße ist hier rechts.	Schiller Street is on the right here.
regnen	Heute regnet es.	It’s raining today.
der Regen	Bei diesem Regen gehe ich nicht raus.	I’m not going out in this rain.
der Reis	Ich esse gern Reis.	I like eating rice.
reisen	Ich reise gern.	I like traveling.
die Reise	Wir machen eine Reise nach Österreich.	We’re taking a trip to Austria.
das Reisebüro, -s	Mein Mann arbeitet im Reisebüro.	My husband works at a travel agency.
der Reiseführer(1)	Ich kaufe mir einen Reiseführer von Berlin.	I’m buying a guidebook about Berlin.
der Reiseführer(2)	Unser Reiseführer heißt Peter.	Our tour guide’s name is Peter.
reparieren	Er hat das Fahrrad repariert.	He repaired the bike.
die Reparatur	Die Reparatur ist sehr teuer.	The repair is very expensive.
das Restaurant, -s	Wir essen heute in einem Restaurant.	We’re eating at a restaurant today.
die Rezeption	Fragen Sie bitte im Hotel an der Rezeption.	Please ask at the reception desk at the hotel.
richtig(1)	Habe ich das richtig verstanden?	Did I understand that correctly?
richtig(2)	Das ist richtig.	That is correct.
riechen	Dieser Wein riecht gut.	This wine smells good.
ruhig	Ich möchte ein ruhiges Zimmer.	I’d like a quiet room.
der Saft	Möchtest du einen Apfelsaft?	Would you like an apple juice?
sagen	Sag mal, wie geht es dir denn?	Tell me, how are you doing?
der Salat	Wie schmeckt dir der Salat?	How do you like the salad?
das Salz	Herr Ober, kann ich bitte Salz haben?	Waiter, may I have some salt, please?
der Satz, -ä, e	Dieser Satz ist sehr einfach.	This sentence is very simple.
die S-Bahn	Ich nehme lieber die S-Bahn.	I’d prefer to take the S-Bahn.
der Schalter	Gehen Sie bitte zum Schalter drei!	Please go to counter three!
scheinen	Die Sonne scheint.	The sun is shining.
schicken	Bitte schicken Sie mir eine E-Mail.	Please send me an email.
das Schild, -er	Haben Sie nicht das Schild gesehen?	Didn’t you see the sign?
der Schinken, –	Ich möchte gern ein Schinkenbrot.	I’d like a ham sandwich.
schlafen	Ich schlafe meistens acht Stunden.	I usually sleep for eight hours.
schlecht(1)	Mir ist schlecht!	I feel sick!
schlecht(2)	Sie sehen schlecht aus.	You look unwell.
schlecht(3)	Wir haben schlechtes Wetter.	We have bad weather.
schließen	Bitte, schließen Sie die Tür.	Please close the door.
geschlossen	Die Bank hat am Samstag geschlossen.	The bank is closed on Saturday.
der Schluss(1)	Ich muss jetzt Schluss machen.	I have to finish now.
der Schluss(2)	Zum Schluss gibt er uns allen die Hand.	At the end, he shakes hands with all of us.
der Schlüssel, –	Ich gebe Ihnen noch den Zimmerschlüssel.	I’ll give you the room key.
schmecken	Schmeckt das gut?	Does it taste good?
schnell	Er fährt schnell.	He drives fast.
schon(1)	Ist das Essen schon fertig?	Is the food ready yet?
schon(2)	Das ist sehr schön.	That’s very nice.
schön(1)	Schönen Urlaub!	Have a nice vacation!
schön(2)	Das ist sehr schön.	That’s very nice.
der Schrank, -ä, e	Die Gläser stehen im Schrank.	The glasses are in the cupboard.
schreiben	Er schreibt jeden Tag fünfzig E-Mails.	He writes fifty emails every day.
der Schuh, -e	Zieh die Schuhe aus!	Take off your shoes!
die Schule(1)	Meine Tochter geht schon in die Schule.	My daughter is already in school.
die Schule(2)	Die Schule ist gleich hier um die Ecke.	The school is just around the corner.
der Schüler, –	In meinem Kurs sind acht Schülerinnen und fünf Schüler.	In my class, there are eight female students and five male students.
schwer(1)	Ist Ihr Gepäck sehr schwer?	Is your luggage very heavy?
schwer(2)	Das ist eine schwere Arbeit.	That’s a difficult job.
die Schwester, -n	Meine Schwester kommt am Dienstag.	My sister is coming on Tuesday.
schwimmen	Ich schwimme jeden Tag einen Kilometer.	I swim a kilometer every day.
das Schwimmbad	Kommst du mit ins Schwimmbad?	Are you coming to the swimming pool?
der See	Komm, wir fahren zum Starnberger See.	Let’s go to Lake Starnberg.
sehen(1)	Ich kann dich nicht sehen.	I can’t see you.
sehen(2)	Ich habe diesen Jungen schon einmal gesehen.	I’ve seen this boy before.
die Sehenswürdigkeit, -en	Welche Sehenswürdigkeiten gibt es in Frankfurt?	What sights are there to see in Frankfurt?
sehr(1)	Danke sehr!	Thank you very much!
sehr(2)	Das ist sehr schwer.	That’s very difficult.
sein(1)	Herr Müller ist in seinem Zimmer.	Mr. Müller is in his room.
sein(2)	Mir ist kalt.	I am cold.
sein(3)	Ich bin dreiundzwanzig.	I am twenty-three.
an sein	Das Licht ist noch an.	The light is still on.
auf sein	Das Fenster ist noch auf.	The window is still open.
weg sein	Herr Meier ist schon weg.	Mr. Meier is already gone.
zu sein	Die Tür ist zu.	The door is closed.
seit	Ich wohne seit drei Jahren in Köln.	I have been living in Cologne for three years.
selbstständig	Er ist selbstständig.	He is self-employed.
sich	Sie müssen sich erst anmelden.	You must first register.
sie(1)	Wie heißt sie?	What’s her name?
Sie(2)	Wie heißen Sie, bitte?	What’s your name, please?
sitzen	Wo sitzen Sie?	Where are you sitting?
so(1)	Sie müssen das so machen!	You have to do it like this!
so(2)	Fahren Sie bitte nicht so schnell!	Please don’t drive so fast!
so(3)	Meine Frau ist so groß wie ich.	My wife is as tall as I am.
so(4)	So, das war‘s/wär‘s!	So, that’s it!
das Sofa	Das Sofa ist neu.	The sofa is new.
sofort	Bitte antworten Sie sofort.	Please answer immediately.
der Sohn, -ö, e	Das ist Hans, mein Sohn.	This is Hans, my son.
sollen(1)	Soll ich kommen?	Should I come?
sollen(2)	Was soll ich mitbringen?	What should I bring?
die Sonne	Die Sonne scheint.	The sun is shining.
spät	Es ist schon spät, ich muss gehen.	It’s already late, I have to go.
später	Das können wir später machen.	We can do that later.
die Speisekarte	Bringen Sie mir die Speisekarte, bitte.	Please bring me the menu.
spielen(1)	Die Kinder spielen draußen.	The children are playing outside.
spielen(2)	Spielen Sie Karten?	Do you play cards?
der Sport	Ich mache viel Sport.	I do a lot of sports.
die Sprache, -n	Welche Sprachen sprichst du?	What languages do you speak?
sprechen	Kann ich (mit) Herrn Klein sprechen?	May I speak with Mr. Klein?
die Stadt, -ä, e	Heidelberg ist eine alte Stadt.	Heidelberg is an old city.
stehen(1)	Ich glaube es nicht, aber es steht in der Zeitung.	I don’t believe it, but it’s written in the newspaper.
stehen(2)	Der Bus steht schon an der Haltestelle.	The bus is already at the stop.
die Stelle, -n	Ich habe eine neue Stelle.	I have a new job.
stellen	Stell die Tasche rechts in die Ecke!	Put the bag in the corner on the right!
der Stock	Unsere Wohnung liegt im ersten Stock.	Our apartment is on the first floor.
die Straße, -n	In welcher Straße wohnen Sie?	Which street do you live on?
die Straßenbahn	Wo fährt die Straßenbahn ab?	Where does the tram depart from?
studieren	Ich studiere in Mainz.	I study in Mainz.
das Studium	Das Studium beginnt im Oktober.	The studies begin in October.
der Student, -en	Ich bin Studentin.	I’m a student (female).
die Stunde, -n	Ich bin in einer Stunde zurück.	I’ll be back in an hour.
suchen	Suchst du etwas?	Are you looking for something?
tanzen	Tanzen Sie gern?	Do you like dancing?
die Tasche, -n	Ich habe die Schlüssel in der Tasche.	I have the keys in the bag.
das Taxi, -s	Es gibt heute keinen Bus mehr. Er fährt mit dem Taxi.	There’s no more bus today. He’s taking a taxi.
der Tee	Ich trinke morgens immer Tee.	I always drink tea in the morning.
der Teil, -e	Lies bitte auch den zweiten Teil.	Please also read the second part.
telefonieren	Darf ich mal telefonieren?	May I make a phone call?
das Telefon	Haben Sie Telefon?	Do you have a phone?
der Termin, -e	Am besten machen wir sofort einen Termin.	It’s best if we schedule an appointment right away.
der Test	Der Test war einfach.	The test was easy.
teuer	Das ist mir zu teuer.	That’s too expensive for me.
der Text, -e	Lesen Sie bitte diesen Text.	Please read this text.
das Thema	Wir sprechen heute über das Thema „Essen und Trinken“.	Today, we’re talking about the topic of food and drink.
das Ticket, -s	Wie viel kostet das Ticket?	How much does the ticket cost?
der Tisch, -e	Die Fotos liegen auf dem Tisch.	The photos are on the table.
die Tochter, -ö	Das ist meine Tochter Katharina.	This is my daughter Katharina.
die Toilette, -en	Wo ist die Toilette, bitte?	Where is the restroom, please?
die Tomate, -n	Die Tomate ist noch grün.	The tomato is still green.
tot	Sein Vater ist schon lange tot.	His father has been dead for a long time.
(sich) treffen(1)	Ich treffe in der Stadt einen Kollegen.	I’m meeting a colleague in the city.
(sich) treffen(2)	Wir treffen uns immer freitags.	We always meet on Fridays.
die Treppe, -n	Die Toilette? Die Treppe hoch und dann links.	The restroom? Up the stairs and then to the left.
trinken	Möchtest du etwas trinken?	Would you like something to drink?
tschüss	Junge Leute sagen meistens „tschüss!“ und nicht „auf Wiedersehen“.	Young people mostly say bye and not goodbye.
tun(1)	Ich habe noch etwas zu tun.	I still have something to do.
tun(2)	Was tut Ihr Mann?	What does your husband do?
über(1)	Gehen Sie hier über die Straße.	Cross the street here.
über(2)	Er wohnt im zweiten Stock über Familie Meier.	He lives on the second floor above the Meier family.
über(3)	Sind Sie über 18?	Are you over 18?
übernachten	Du kannst bei mir übernachten.	You can stay the night at my place.
überweisen	Sie können das Geld auch überweisen.	You can also transfer the money.
die Uhr	Es ist vier Uhr.	It’s four o'clock.
um(1)	Er kommt um sieben Uhr.	He’s coming at seven o'clock.
um(2)	Da kommt er gerade um die Ecke.	There he is, just around the corner.
umziehen	Nächsten Monat ziehen wir um.	We are moving next month.
und	Peter und Helmut sind meine Söhne.	Peter and Helmut are my sons.
unser-	Das ist unsere Lehrerin.	This is our teacher.
unten	Er wohnt ganz unten im Haus.	He lives at the very bottom of the house.
unter	Unter uns wohnt eine Familie mit drei Kindern.	A family with three children lives below us.
der Unterricht	Wir haben Unterricht von 8.00 bis 12.00 Uhr.	We have class from 8:00 to 12:00.
unterschreiben	Wo muss ich unterschreiben?	Where do I have to sign?
die Unterschrift	Hier fehlt noch Ihre Unterschrift.	Your signature is still missing here.
der Urlaub	Ich nehme im September Urlaub.	I’m taking a vacation in September.
der Vater, -ä	Mein Vater ist Arbeiter.	My father is a worker.
verboten	Hier ist Rauchen verboten.	Smoking is forbidden here.
verdienen	Ich verdiene 1.500 Euro im Monat.	I earn 1,500 euros a month.
der Verein	Es gibt einen neuen Sportverein in der Stadt.	There’s a new sports club in the city.
verheiratet	Ich bin verheiratet und habe drei Kinder.	I am married and have three children.
verkaufen	Er verkauft sein altes Auto.	He’s selling his old car.
der Verkäufer, –	Meine Mutter ist Verkäuferin im Kaufhaus.	My mother is a saleswoman in the department store.
vermieten	Die Wohnung ist schon vermietet.	The apartment has already been rented out.
der Vermieter	Unser Vermieter heißt Huber. Er wohnt auch hier.	Our landlord’s name is Huber. He lives here too.
verstehen	Können Sie mich verstehen?	Can you understand me?
der Verwandte, -n	Peter besucht seine Verwandten in Polen.	Peter is visiting his relatives in Poland.
viel	Hier regnet es viel.	It rains a lot here.
vielleicht	Ich komme vielleicht mit dem Bus.	Maybe I’ll take the bus.
von(1)	Das Auto von Felix ist kaputt.	Felix's car is broken.
von(2)	Er kommt gerade von Köln/von zu Hause.	He just came from Cologne/from home.
vor(1)	Der Termin war vor einer Stunde.	The appointment was an hour ago.
vor(2)	Das Auto steht vor der Tür.	The car is in front of the door.
der Vorname, -n	Ich heiße Müller, mein Vorname ist Eva.	My last name is Müller, my first name is Eva.
die Vorsicht	Vorsicht! Da kommt ein Auto.	Watch out! A car is coming.
(sich) vorstellen	Wir wollen uns kennenlernen.	Können Sie sich bitte vorstellen? We want to get to know each other. Could you please introduce yourself?
die Vorwahl	Wie ist die Vorwahl von München?	What’s the area code for Munich?
wandern	Wir wandern um den Chiemsee.	We are hiking around Lake Chiemsee.
wann(1)	Wann bist du fertig?	When will you be done?
wann(2)	Wann kann ich Sie anrufen?	When can I call you?
wann(3)	Wann sind Sie geboren?	When were you born?
warten(1)	Können Sie ein paar Minuten warten?	Can you wait for a few minutes?
warten(2)	Auf wen warten Sie?	Who are you waiting for?
warum	Warum kommt er nicht?	Why isn’t he coming?
was(1)	Was ist das?	What is that?
was(2)	Was möchten Sie?	What would you like?
was für ein	Was für eine Farbe möchten Sie?	What color would you like?
(sich) waschen(1)	Wo kann ich mir die Hände waschen?	Where can I wash my hands?
(sich) waschen(2)	Ich muss morgen waschen.	I have to do laundry tomorrow.
das Wasser	Ein Glas Wasser, bitte.	A glass of water, please.
weh tun	Ich muss zum Arzt. Mein Bein tut weh.	I need to see the doctor. My leg hurts.
weiblich	Kreuzen Sie bitte an: weiblich oder „männlich“.	Please check: “female” or “male.”
der Wein	Nein danke, ich möchte keinen Wein.	No thanks, I don’t want any wine.
weit	Zum Bahnhof ist es nicht weit.	It’s not far to the train station.
weiter	Der Bus fährt nicht weiter.	The bus isn’t going any further.
welch-	Welches Buch möchtest du?	Which book do you want?
die Welt	Es gibt viele Probleme auf der Welt.	There are many problems in the world.
wenig(1)	Ich habe leider nur wenig verstanden.	Unfortunately, I understood very little.
wenig(2)	Er verdient wenig.	He earns little.
wer	Wer ist das?	Who is that?
werden(1)	Mein Sohn will Arzt werden.	My son wants to become a doctor.
das Wetter	Wir hatten schlechtes Wetter.	We had bad weather.
wichtig	Dieses Formular ist sehr wichtig.	This form is very important.
wie(1)	Wie heißt du?	What’s your name?
wie(2)	Er schreibt wie ein Kind.	He writes like a child.
wie(3)	Meine Frau ist so groß wie ich.	My wife is as tall as I am.
wie(4)	Wie soll ich das machen?	How should I do that?
wie(5)	Wie groß ist die Wohnung?	How big is the apartment?
wie(6)	Wie bitte?	Pardon me?
wie(7)	Wie lange bist du schon hier?	How long have you been here?
wiederholen	Können Sie das bitte wiederholen?	Could you please repeat that?
das Wiederhören	Wir müssen jetzt Schluss machen. Also auf Wiederhören!	We have to end now. So, goodbye!
das Wiedersehen	Auf Wiedersehen!	Goodbye!
wie viel	Wie viel Milch nehmen Sie?	How much milk would you like?
willkommen	Herzlich willkommen!	Welcome!
der Wind	Der Wind kommt aus Osten.	The wind is coming from the east.
wir	Wir lernen Deutsch.	We are learning German.
wissen	Weißt du, wie er heißt?	Do you know what his name is?
wo(1)	Wo waren Sie im Urlaub?	Where were you on vacation?
wo(2)	Wo ist die Post?	Where is the post office?
wo(3)	Wo sind Sie geboren?	Where were you born?
woher	Woher kommen Sie?	Where do you come from?
wohin(1)	Wohin fährt dieser Bus?	Where is this bus going?
wohin(2)	Wohin wollen Sie am Wochenende?	Where do you want to go this weekend?
wohnen	Ich wohne in München.	I live in Munich.
die Wohnung, -en	Seit wann haben Sie diese Wohnung?	How long have you had this apartment?
wollen	Wollen Sie einen Kaffee trinken?	Do you want to drink some coffee?
das Wort, -ö, er/-e	Ich kenne das Wort nicht.	I don’t know the word.
wunderbar	Das Essen schmeckt wunderbar.	The food tastes wonderful.
zahlen	Zahlen, bitte!	Can I have the bill, please?
die Zeit	Ich habe heute keine Zeit.	I don’t have time today.
zurzeit	Zurzeit habe ich sehr viel zu tun.	Currently, I have a lot to do.
die Zeitung, -en	Ich lese gern Zeitung.	I like reading the newspaper.
die Zigarette, -n	Wie teuer sind die Zigaretten?	How much are the cigarettes?
das Zimmer(1)	Das Zimmer ist groß.	The room is large.
das Zimmer(2)	Öffne im Schlafzimmer das Fenster, bitte!	Open the window in the bedroom, please!
das Zimmer(3)	Die Wohnung hat drei Zimmer.	The apartment has three rooms.
das Zimmer(4)	Ich habe ein Zimmer bestellt.	I have reserved a room.
der Zoll	Wir müssen noch durch den Zoll.	We still have to go through customs.
zu(1)	Der Bus fährt zum Bahnhof.	The bus goes to the train station.
zu(2)	Ich gehe zu Fuß.	I am going on foot.
zu(3)	Ich bin zu Hause.	I am at home.
zufrieden	Ich bin mit der Wohnung zufrieden.	I am satisfied with the apartment.
der Zug, -ü, e	Ich fahre gern mit dem Zug.	I like traveling by train.
zurück(1)	Einmal Frankfurt und zurück.	Once to Frankfurt and back.
zurück(2)	Wann kommst du zurück?	When will you be back?
zusammen(1)	Sollen wir zusammen essen gehen?	Should we go out to eat together?
zusammen(2)	Das macht zusammen 2 Euro 80.	That comes to a total of 2 euros 80 cents.
zwischen(1)	Heidelberg liegt zwischen Frankfurt und Stuttgart.	Heidelberg is located between Frankfurt and Stuttgart.
zwischen(2)	Zwischen 8 und 10 Uhr bin ich zu Hause.	I am at home between 8 and 10 o'clock.
